{
    "gdp_debt":{
       "Scientific publications per capita (in ppm)":0.523923357064687
    },
    "income equality gini % ":{
       "Average yearly temperature (1961\u20131990 Celsius)":0.47824694267541584
    },
    "alcohol consumption 2016":{
       "yes important %":-0.6660568290175249
    },
    "Average daily dietary energy consumption per capita(kilocalories)":{
       "HDI 2021":0.8078801166907709
    },
    "Median Age 2020":{
       "HDI 2021":0.8880299825574669
    },
    "health expenditure per capita 2018":{
       "gdp estimate un":0.9194179781569829
    },
    "spending on education(% GDP)":{
       "yes important %":-0.3756515033660514
    },
    "population growth":{
       "Median Age 2020":-0.8618602716587247
    },
    "democracy index 2020":{
       "Scientific publications per capita (in ppm)":0.6497705027761878
    },
    "Homelessness population per 10k":{
       "HDI 2021":-0.4000734878899938
    },
    "Economic Freedom Score":{
       "Scientific publications per capita (in ppm)":0.6878256404558039
    },
    "milk consumption per capita(2013)":{
       "HDI 2021":0.7190808024229981
    },
    "2019 mortality rate, under-5 (per 1000 live births)":{
       "Life expentacy at birth":-0.8789289313059088
    },
    "literacy rate elderly(+65)":{
       "Median Age 2020":0.7261342807189517
    },
    "% Islam":{
       "% Christians":-0.744366932877726
    },
    "books published per year titles(total)":{
       "health expenditure per capita 2018":0.3653451254346687
    },
    "% Buddhists":{
       "% Christians":-0.3386231547298925
    },
    "Obesity rate (%)":{
       "HDI 2021":0.5954428020534143
    },
    "intentional homicide Rate":{
       "income equality gini % ":0.41627644008359904
    },
    "% Jewish":{
       "military expenditures %gdp":0.4737689922782091
    },
    "Averagedownloadspeed(Mbit/s)(Ookla)":{
       "health expenditure per capita 2018":0.5805726419631728
    },
    "% Christians":{
       "% Islam":-0.7443669328777262
    },
    "Oil production per capita2021 (bbl/day/million people)":{
       "military expenditures %gdp":0.42025165403052445
    },
    "minimum wage anual nominal US":{
       "gdp estimate un":0.8146008327726627
    },
    "Religion yes important %":{
       "Median Age 2020":-0.7288146166781886
    },
    "Prevalecence of tobacco use 2000":{
       "Average yearly temperature (1961\u20131990 Celsius)":-0.4867359324039145
    },
    "gdp estimate un":{
       "health expenditure per capita 2018":0.919417978156983
    },
    "number of internet users %":{
       "HDI 2021":0.878032356605652
    },
    "Fertility rate  in 2020(births/woman)":{
       "Median Age 2020":-0.8820775470597199
    },
    "HDI 2021":{
       "Life expentacy at birth":0.8902723774758489
    },
    "Age of first marriage(woman)":{
       "HDI 2021":0.7778631015046463
    },
    "Incarceration rate per 100000":{
       "literacy rate elderly(+65)":0.3389135159762711
    },
    "Average yearly temperature (1961\u20131990 Celsius)":{
       "yes important %":0.6830547681440914
    },
    "Scientific publications per capita (in ppm)":{
       "gdp estimate un":0.8864766415265433
    },
    "Life expentacy at birth":{
       "HDI 2021":0.8902723774758489
    },
    "Total Suicides per 100 000":{
       "Life expentacy at birth":-0.4272317349228165
    },
    "Equivalent to a 2-year degree or higher(%)":{
       "Averagedownloadspeed(Mbit/s)(Ookla)":0.3856445354054343
    },
    "Age of criminal responsibility":{
       "Average yearly temperature (1961\u20131990 Celsius)":-0.36050467111682355
    },
    "Meat consumption kg per capita 2002":{
       "health expenditure per capita 2018":0.7655987633840224
    },
    "military expenditures %gdp":{
       "% Jewish":0.4737689922782091
    }
 }