{"gdp_debt": {"linear regression MAE": 47.3556758684638, "Bayes Classifier accuracy": 0.625}, "gini % ": {"linear regression MAE": 4.16720702952152, "Bayes Classifier accuracy": 0.9166666666666666}, "alcohol consumption 2016": {"linear regression MAE": 1.243283612251645, "Bayes Classifier accuracy": 0.7916666666666666}, "Average daily dietary energy consumption per capita(kilocalories)": {"linear regression MAE": 153.36176733853685, "Bayes Classifier accuracy": 0.875}, "Median Age 2020": {"linear regression MAE": 1.8526177017674001, "Bayes Classifier accuracy": 0.9583333333333334}, "health expenditure per capita 2018": {"linear regression MAE": 239.01474647480177, "Bayes Classifier accuracy": 0.9583333333333334}, "spending on education(% GDP)": {"linear regression MAE": 0.9128531044752148, "Bayes Classifier accuracy": 0.5416666666666666}, "population growth": {"linear regression MAE": 0.31392601198503733, "Bayes Classifier accuracy": 1.0}, "democracy index 2020": {"linear regression MAE": 0.5802168476842449, "Bayes Classifier accuracy": 0.8333333333333334}, "Homelessness population per 10k": {"linear regression MAE": 129.569499828739, "Bayes Classifier accuracy": 0.6666666666666666}, "Economic Freedom Score": {"linear regression MAE": 3.4104801666829054, "Bayes Classifier accuracy": 0.8333333333333334}, "milk consumption per capita(2013)": {"linear regression MAE": 44.81402676159416, "Bayes Classifier accuracy": 0.8333333333333334}, "2019 mortality rate, under-5 (per 1000 live births)": {"linear regression MAE": 6.144830421406226, "Bayes Classifier accuracy": 1.0}, "literacy rate elderly(+65)": {"linear regression MAE": 7.004369601761662, "Bayes Classifier accuracy": 0.875}, "% Islam": {"linear regression MAE": 11.824516847992784, "Bayes Classifier accuracy": 0.75}, "titles(total)": {"linear regression MAE": 20288.44296913652, "Bayes Classifier accuracy": 0.75}, "% Buddhists": {"linear regression MAE": 5.282692909716716, "Bayes Classifier accuracy": 0.625}, "Obesity rate (%)": {"linear regression MAE": 2.4698443896413522, "Bayes Classifier accuracy": 0.9166666666666666}, "intentional homicide Rate": {"linear regression MAE": 4.071974737349145, "Bayes Classifier accuracy": 0.6666666666666666}, "% Jewish": {"linear regression MAE": 1.6146705922378315, "Bayes Classifier accuracy": 0.6666666666666666}, "Averagedownloadspeed(Mbit/s)(Ookla)": {"linear regression MAE": 18.86132883026062, "Bayes Classifier accuracy": 0.7083333333333334}, "% Christians": {"linear regression MAE": 7.724848597541109, "Bayes Classifier accuracy": 0.8333333333333334}, "Oil production per capita2021 (bbl/day/million people)": {"linear regression MAE": 18200.717962126397, "Bayes Classifier accuracy": 0.7916666666666666}, "Anual nominal US": {"linear regression MAE": 1649.7087528337972, "Bayes Classifier accuracy": 0.875}, "yes important %": {"linear regression MAE": 6.9647957176807465, "Bayes Classifier accuracy": 0.875}, "Prevalecence of tobacco use 2000": {"linear regression MAE": 7.58656415979172, "Bayes Classifier accuracy": 0.9166666666666666}, "gdp estimate un": {"linear regression MAE": 4170.514752841883, "Bayes Classifier accuracy": 0.9583333333333334}, "number of internet users %": {"linear regression MAE": 9.058431962877693, "Bayes Classifier accuracy": 1.0}, "Fertility rate  in 2020(births/woman)": {"linear regression MAE": 0.2493476503745362, "Bayes Classifier accuracy": 0.9583333333333334}, "HDI 2021": {"linear regression MAE": 0.023846480728657388, "Bayes Classifier accuracy": 1.0}, "Age of first marriage(woman)": {"linear regression MAE": 1.992784512802085, "Bayes Classifier accuracy": 0.9166666666666666}, "Incarceration rate per 100000": {"linear regression MAE": 30.061301948791783, "Bayes Classifier accuracy": 0.9166666666666666}, "Average yearly temperature (1961\u20131990 Celsius)": {"linear regression MAE": 2.443269411574148, "Bayes Classifier accuracy": 0.7916666666666666}, "Scientific publications per capita (in ppm)": {"linear regression MAE": 304.4859089586828, "Bayes Classifier accuracy": 0.9583333333333334}, "Life expentacy at birth": {"linear regression MAE": 1.4062886565592783, "Bayes Classifier accuracy": 0.9583333333333334}, "Total Suicides per 100 000": {"linear regression MAE": 3.5661888605429297, "Bayes Classifier accuracy": 0.8333333333333334}, "Equivalent to a 2-year degree or higher(%)": {"linear regression MAE": 1.9460502859776643, "Bayes Classifier accuracy": 0.7083333333333334}, "Age of criminal responsibility": {"linear regression MAE": 2.0462204440550478, "Bayes Classifier accuracy": 0.625}, "kg per capita 2002": {"linear regression MAE": 11.60200047315655, "Bayes Classifier accuracy": 0.8333333333333334}, "military expenditures %gdp": {"linear regression MAE": 0.23065893175828978, "Bayes Classifier accuracy": 0.875}}